item,familia_id,descripcion,peso_kg,precio_venta_soles,precio_alquiler_soles,stock_base,stock_actual
AM.0100,1,HUSILLO DE NIVELACION,3.30,86.53,4.33,82,67
AM.0200,1,"GARRUCHA CON FRENO DE 8"" - ROJO",5.90,371.46,18.57,123,123
AM.0300,1,PIEZA DE INICIO,1.90,78.02,3.90,82,79
AM.0400,1,PERFIL METALICO UPN DE 3.00m,44.30,870.28,43.51,53,53
AM.0500,1,MARCO COMBI 2.00m,23.90,485.52,24.28,271,271
AM.0600,1,VERTICAL 3.00m,11.70,428.32,21.42,6,6
AM.0700,1,VERTICAL 2.00m,7.00,261.63,13.08,994,1046
AM.0900,1,VERTICAL 1.50m,5.90,212.52,10.63,17,15
AM.1000,1,VERTICAL 1.00m,2.90,143.17,7.16,36,62
AM.1100,1,VERTICAL 0.50m,1.50,75.16,3.76,102,102
AM.1150,1,ESPIGA,0.80,76.23,3.81,676,775
AM.1200,1,HORIZONTAL COMBI DE 3072mm,5.50,133.75,6.69,328,328
AM.1300,1,HORIZONTAL MULTI DE 3072mm,11.20,238.10,11.91,201,228
AM.1400,1,HORIZONTAL MULTI DE 2572mm,10.00,226.89,11.34,43,7
AM.1500,1,HORIZONTAL MULTI DE 2072mm,6.20,225.13,11.26,79,137
AM.1600,1,HORIZONTAL MULTI DE 1572mm,4.10,204.03,10.20,197,146
AM.1700,1,HORIZONTAL MULTI DE 1500mm,3.30,204.03,10.20,0,0
AM.1800,1,HORIZONTAL MULTI DE 1090mm,2.40,158.74,7.94,77,69
AM.1900,1,HORIZONTAL MULTI DE 1020mm,4.60,158.74,7.94,89,85
AM.2000,1,HORIZONTAL MULTI DE 0732mm,3.80,132.06,6.60,2153,2299
AM.2020,1,HORIZONTAL MULTI DE 0432mm PARA MENSULA - N,1.90,59.50,2.98,145,145
AM.2050,1,HORIZONTAL MULTI DE 0432mm PARA MENSULA - E,1.90,59.50,2.98,2,2
AM.2100,1,DOBLE LARGUERO 3072mm,19.40,324.89,16.24,241,241
AM.2200,1,DOBLE LARGUERO 2572mm,14.40,268.19,13.41,194,194
AM.2250,1,DOBLE LARGUERO 2572mm PARA ESCALERA GURSAM DE 120,14.40,268.19,13.41,20,20
AM.2300,1,VIGA PORTICO 7710mm,75.60,1621.32,81.07,10,10
AM.2400,1,VIGA PORTICO 6140mm,63.00,1351.10,67.55,6,6
AM.2500,1,VIGA PORTICO 5140mm,54.60,1170.95,58.55,6,6
AM.2600,1,VIGA PORTICO 3072mm,30.40,720.59,36.03,4,4
AM.2700,1,VIGA PORTICO 1572mm,12.50,810.02,40.50,7,7
AM.2800,1,BARANDILLAS COMBI 3072mm,11.80,276.36,13.82,321,321
AM.2900,1,BARANDILLAS COMBI 2072mm,7.80,255.03,12.75,50,50
AM.3000,1,BARANDILLAS COMBI 0732mm,0.50,105.43,5.27,53,53
AM.3100,1,MENSULA 1090mm,10.91,808.35,40.42,126,126
AM.3200,1,MENSULA 700mm,4.30,519.13,25.96,199,217
AM.3300,1,MENSULA 300mm,3.30,259.56,12.98,168,168
AM.3400,1,RODAPIE 3072mm - E,5.00,139.11,6.96,425,425
AM.3500,1,RODAPIE 2572mm - E,3.50,136.57,6.83,44,44
AM.3600,1,RODAPIE 2072mm - E,2.60,128.38,6.42,107,107
AM.3700,1,RODAPIE 1020mm - E,1.40,109.33,5.47,6,6
AM.3800,1,RODAPIE 0732mm - E,0.80,91.83,4.59,85,85
AM.3900,1,RODAPIE 3072mm - C,7.50,139.11,6.96,220,220
AM.4000,1,RODAPIE 2572mm - C,5.80,136.57,6.83,236,236
AM.4100,1,RODAPIE 2072mm - C,4.80,128.38,6.42,224,224
AM.4200,1,RODAPIE 1572mm - C,2.70,124.80,6.24,120,120
AM.4300,1,RODAPIE 1090mm - C,1.30,109.33,5.47,76,76
AM.4400,1,RODAPIE 0732mm - C,2.10,91.83,4.59,82,82
AM.4500,1,RODAPIE 3072mm - N,10.50,139.11,6.96,442,470
AM.4600,1,RODAPIE 2572mm - N,8.80,136.57,6.83,518,518
AM.4700,1,RODAPIE 2072mm - N,5.00,128.38,6.42,384,406
AM.4800,1,RODAPIE 1572mm - N,3.40,124.80,6.24,449,449
AM.4900,1,RODAPIE 1090mm - N,4.10,109.33,5.47,249,249
AM.5000,1,RODAPIE 0732mm - N,0.50,91.83,4.59,175,207
AM.5100,1,DIAGONAL DE 3072mm,11.30,316.13,15.81,354,339
AM.5200,1,DIAGONAL DE 2572mm,10.90,302.58,15.13,317,320
AM.5300,1,DIAGONAL DE 2072mm,7.50,291.14,14.56,364,364
AM.5400,1,DIAGONAL DE 1572mm,6.60,280.59,14.03,198,172
AM.5500,1,DIAGONAL DE 1090mm,6.00,280.59,14.03,9,9
AM.5600,1,DIAGONAL DE 1020mm,4.20,266.81,13.34,6,6
AM.5700,1,TUBO PARA DIAGONAL DE 3072mm,10.70,316.13,15.81,9,9
AM.5800,1,TUBO PARA DIAGONAL DE 2572mm,9.20,302.58,15.13,0,0
AM.5900,1,TUBO PARA DIAGONAL DE 1572mm,5.90,280.59,14.03,0,0
AM.5910,1,TUBO REGULADOR DE 1400mm,5.90,280.59,14.03,0,0
AM.6000,1,PLATAFORMA METALICA DE 290x3072mm - E,18.60,654.70,32.74,488,524
AM.6100,1,PLATAFORMA METALICA DE 290x2572mm - E,15.20,575.04,28.75,8,8
AM.6200,1,PLATAFORMA METALICA DE 290x2072mm - E,11.80,496.07,24.80,215,215
AM.6300,1,PLATAFORMA METALICA DE 290x1572mm - E,9.90,484.34,24.22,44,44
AM.6400,1,PLATAFORMA METALICA DE 290x1020mm - E,5.80,452.11,22.61,81,81
AM.6500,1,PLATAFORMA METALICA DE 290x0732mm - E,5.10,408.30,20.42,42,42
AM.6600,1,PLATAFORMA METALICA DE 320x3072mm - C,24.00,654.70,32.74,572,606
AM.6700,1,PLATAFORMA METALICA DE 320x2572mm - C,19.70,575.04,28.75,455,451
AM.6800,1,PLATAFORMA METALICA DE 320x2072mm - C,17.70,496.07,24.80,271,303
AM.6900,1,PLATAFORMA METALICA DE 320x1572mm - C,12.20,484.34,24.22,183,187
AM.7000,1,PLATAFORMA METALICA DE 320x1090mm - C,10.40,452.11,22.61,312,316
AM.7100,1,PLATAFORMA METALICA DE 320x0732mm - C,7.90,408.30,20.42,252,232
AM.7200,1,PLATAFORMA METALICA DE 190x3072mm - C,17.80,654.70,32.74,21,22
AM.7300,1,PLATAFORMA METALICA DE 190x2572mm - C,14.60,575.04,28.75,3,3
AM.7400,1,PLATAFORMA METALICA DE 190x2072mm - C,12.30,496.07,24.80,39,39
AM.7410,1,PLATAFORMA METALICA DE 190x1572mm - C,9.05,484.34,24.22,30,30
AM.7420,1,PLATAFORMA METALICA DE 190x1090mm - C,7.71,452.11,22.61,30,30
AM.7430,1,PLATAFORMA METALICA DE 190x1020mm - C,4.30,452.11,22.61,2,2
AM.7440,1,PLATAFORMA METALICA DE 190x0732mm - C,5.86,408.30,20.42,9,9
AM.7450,1,PLATAFORMA DE ALUMINIO C/ ACCESO DE 3072mm (INC. ESCALERA),43.50,2658.20,132.91,112,126
AM.7451,1,PLATAFORMA DE ALUMINIO C/ ACCESO DE 2572mm (INC. ESCALERA),36.60,2658.20,132.91,133,133
AM.7452,1,PLATAFORMA DE ALUMINIO C/ ACCESO DE 2072mm (INC. ESCALERA),31.10,2658.20,132.91,57,57
AM.7453,1,PLATAFORMA DE ALUMINIO C/ ACCESO DE 1572mm (INC. ESCALERA),27.00,2658.20,132.91,65,65
AM.7500,1,PLATAFORMA DE ALUMINIO C/ ACCESO DE 3072mm,30.40,2101.18,105.06,14,14
AM.7600,1,PLATAFORMA DE ALUMINIO C/ ACCESO DE 2572mm,23.50,2101.18,105.06,0,0
AM.7700,1,PLATAFORMA DE ALUMINIO C/ ACCESO DE 2072mm,18.00,2101.18,105.06,51,51
AM.7800,1,ESCALERA DE GATO,13.10,557.03,27.85,73,73
AM.7900,1,PLATAFORMA MIXTA CON ACCESO DE 3072mm ,38.80,2101.18,105.06,35,35
AM.8000,1,PLATAFORMA MIXTA CON ACCESO DE 2572mm,29.60,2101.18,105.06,0,0
AM.8100,1,ESCALERA DE ACERO 3.00m ,19.90,1236.34,61.82,-4,-4
AM.8200,1,ESCALERA DE ACERO 1.50m ,9.30,677.95,33.90,0,0
AM.8300,1,ESCALERA DE ACERO 1.00m ,6.10,372.73,18.64,0,0
AM.8400,1,ENGANCHE PARA ESCALERA DE ACERO ,1.20,90.10,4.50,0,0
AM.8500,1,TUBO CON GANCHO 1.00m,1.20,118.69,5.93,132,156
AM.8600,1,TUBO CON GANCHO 0.50m,1.70,59.23,2.96,536,564
AM.8700,1,TUBO DE ANCLAJE FERMIN,5.80,304.92,15.25,114,112
AM.8800,1,BRIDA GIRATORIA,0.40,44.75,2.24,470,348
AM.8900,1,BRIDA FIJA,0.50,44.75,2.24,396,370
AM.9000,1,ACOPLADOR MULTI,1.80,112.93,5.65,100,104
AM.9100,1,CONECTOR PARA SUSPENSION,3.80,173.65,8.68,73,73
AM.9200,1,PIN GRAVEDAD 12mm ,0.10,9.91,0.50,5,6
AM.9300,1,PIN GRAVEDAD 9mm ,0.10,9.91,0.50,43,32
AM.9400,1,PIN GRAVEDAD 8mm ,0.10,9.91,0.50,0,0
EA.0100,2,ALUMINIO - ESCALERA DE ACCESO,38.20,2188.16,109.41,25,25
EA.0200,2,ALUMINIO - BARANDA EXTERNA,13.10,285.07,14.25,26,26
EA.0300,2,ALUMINIO - BARANDA INTERNA,12.70,285.07,14.25,25,25
EA.0400,2,EUROPEA - ESCALERA DE ACCESO,46.50,2188.16,109.41,12,12
EA.0500,2,EUROPEA - BARANDA INTERMEDIA,6.60,285.07,14.25,28,28
EA.0600,2,FERMIN - ESCALERA DE ACCESO 2M,68.60,2188.16,109.41,5,7
EA.0700,2,FERMIN - ESCALERA DE ACCESO 1M,61.80,2188.16,109.41,1,1
EA.0800,2,FERMIN - BARANDA INTERMEDIA 2M,7.30,285.07,14.25,29,25
EA.0900,2,FERMIN - BARANDA INTERMEDIA 1M,4.90,285.07,14.25,21,21
EA.1000,2,FERMIN - BARANDA SUPERIOR 2M,2.50,208.20,10.41,0,0
EA.1100,2,FERMIN - BARANDA SUPERIOR 1M,3.80,208.20,10.41,0,0
EA.1200,2,FERMIN - BARANDA CENTRAL 2M,1.80,208.20,10.41,0,0
EA.1300,2,FERMIN - BARANDA INFERIOR,3.20,208.20,10.41,0,2
EA.1400,2,GURSAM 60 - ESCALERA DE ACCESO,56.50,2297.56,114.88,12,5
EA.1500,2,GURSAM 60 - BARANDILLA INTERMEDIA,7.50,299.33,14.97,28,10
EA.1600,2,GURSAM - ZANCA DERECHA,14.70,864.58,43.23,43,43
EA.1650,2,GURSAM - ZANCA DERECHA 1M,8.60,446.77,22.34,3,3
EA.1700,2,GURSAM - ZANCA IZQUIERDA,14.70,864.58,43.23,43,43
EA.1750,2,GURSAM - ZANCA IZQUIERDA 1M,8.60,446.77,22.34,3,3
EA.1800,2,GURSAM 120 - PELDAÑOS,3.40,241.71,12.09,359,359
EA.1850,2,GURSAM 60 - PELDAÑOS,4.00,110.00,5.50,178,178
EA.1900,2,GURSAM - BARANDILLA INTERMEDIA DE ZANCA,10.20,864.58,43.23,84,84
EA.1950,2,GURSAM - BARANDILLA INTERMEDIA DE ZANCA 1M,6.30,446.77,22.34,6,6
EA.2000,2,PERNO COCHE - M10 x 70,0.10,10.16,0.51,207,164
EC.0100,3,ESCUADRA DE 3.00 x 2.00m,32.80,1969.28,98.46,39,48
EC.0200,3,ESCUADRA DE 1.00 x 1.00m - PERFIL SIMPLE,10.70,457.38,22.87,8,8
EC.0300,3,ESCUADRA DE 1.00 x 1.00m - PERFIL DOBLE,13.90,457.38,22.87,272,272
EC.0400,3,ESCUADRA DE 1.00 x 1.00m - VOLADO,20.70,635.25,31.76,0,0
EC.0500,3,ESCUADRA DE 1.00 x 1.00m - ESCALERA,7.50,670.32,33.52,0,0
EC.0600,3,PLATAFORMA DE DESCARGA - 1.5 TON,203.00,6098.40,304.92,3,3
EC.0700,3,PLATAFORMA DE DESCARGA - 2.0 TON,290.00,8639.40,431.97,21,21
EC.0710,3,PUERTA ACCESO - 1.5 TON,13.10,825.83,41.29,31,31
EC.0711,3,PUERTA ACCESO INTERNA - 2 TON,12.20,974.64,48.73,16,16
EC.0712,3,PUERTA ACCESO EXTERNA - 2 TON,12.20,974.64,48.73,26,26
EC.0713,3,BARANDA LATERAL - 1.5 TON,12.00,947.63,47.38,21,21
EC.0713,3,BARANDA LATERAL - 2 TON,13.10,1114.86,55.74,21,21
EC.0720,3,BARRA ACCIONADORA DE PUERTAS,3.40,228.69,11.43,34,34
EC.0730,3,PERNO HEXAGONAL G.6.8 - M10 x 30,0.15,19.06,0.95,77,77
EC.0800,3,BALAUSTRE DE 1.20m,2.90,190.58,9.53,37,51
EC.0900,3,TRASPALETA MANUAL,170.00,8639.40,431.97,0,0
AA.0100,4,CRUCETA PARA ACROW - USA,6.50,76.23,3.81,12,12
AA.0200,4,MARCO PARA ACROW - USA,14.50,241.40,12.07,6,6
CON.0100,5,PERNOS DE EXPANSION C/ ARGOLLA - M12 x 80,0.15,19.06,0.95,3438,3438
CON.0200,5,PERNOS DE EXPANSION - M16 x 145,0.25,19.06,0.95,782,774
CON.0300,5,PERNO HEXAGONAL PARA BALAUSTRE - M8 x 70 - G.5.8 ,0.10,10.16,0.51,422,431
CON.0400,5,PERNO HEXAGONAL PARA PLATAFORMA - M6 x 100 - G.10.0,0.10,10.16,0.51,0,0
CON.0500,5,"PERNOS DE EXPANSION - 1"" x 10""",1.00,82.58,4.13,0,0
CON.0600,5,"PERNOS DE EXPANSION - 1"" x 8""",0.80,69.88,3.49,0,0
CON.0700,5,"PERNOS DE EXPANSION - 1"" x 6""",0.60,57.17,2.86,118,118
PU.0100,6,PUNTAL 3.00m - VERDE CLARO,8.90,180.00,9.00,3,3
PU.0200,6,PUNTAL 3.00m - VERDE OSCURO,8.90,180.00,9.00,326,326
PU.0300,6,PUNTAL 3.00m - AZUL,8.90,180.00,9.00,399,491
PU.0350,6,PUNTAL 3.00m - AZUL TIPO N,9.00,180.00,9.00,240,332
PU.0400,6,PUNTAL 4.00m - VERDE,11.80,200.00,10.00,1574,1574
PU.0500,6,PUNTAL 4.00m - AZUL,11.80,200.00,10.00,1460,1504
PU.0600,6,PUNTAL 5.00m ,17.30,300.00,15.00,490,598
PU.0700,6,PIN PRESION - 11mm,0.10,30.00,1.50,711,941
PU.0800,6,PIN PRESION - 12mm,0.10,30.00,1.50,485,593
PU.0900,6,ARGOLLA - 48/40mm,0.10,30.00,1.50,1120,1349
PU.1000,6,ARGOLLA - 60/52mm,0.10,30.00,1.50,83,191
PU.1100,6,TRIPODE,6.30,192.23,9.61,104,104
AE.0100,7,MOTOR - SEM63,48.80,3303.30,165.17,0,0
AE.0200,7,MOTOR - SEM80,48.80,3303.30,165.17,0,0
AE.0300,7,MOTOR - TIR80,48.80,3303.30,165.17,9,9
AE.0400,7,MOTOR - TIN80,48.80,3303.30,165.17,14,14
AE.0401,7,MOTOR - TIN30,48.80,3303.30,165.17,0,0
AE.0500,7,TABLERO - SEM63,13.30,2369.94,118.50,1,1
AE.0600,7,TABLERO - SEM80,13.30,2369.94,118.50,2,2
AE.0700,7,TABLERO - TIR80,13.30,2369.94,118.50,3,3
AE.0800,7,TABLERO - TIN80,13.30,2369.94,118.50,2,2
AE.0801,7,TABLERO - TIN30,13.30,2369.94,118.50,0,0
AE.0900,7,TRANSFORMADOR DE 5KVA 380V A 220 V,46.50,5200.00,260.00,0,0
AE.0950,7,TRANSFORMADOR DE 7KVA 380V A 220 V,46.40,8500.00,425.00,0,0
AE.0970,7,CABLE DE ACERO D=8.6mm - 130m,39.50,2315.96,115.80,0,0
AE.0975,7,CABLE DE ACERO D=8.6mm - 120m,36.40,2137.81,106.89,0,0
AE.1000,7,CABLE DE ACERO D=8.6m - 100m,27.10,1238.74,61.94,1,1
AE.1100,7,CABLE DE ACERO D=8.6m - 90m,24.40,1114.86,55.74,0,0
AE.1200,7,CABLE DE ACERO D=8.6m - 80m,21.70,990.99,49.55,1,1
AE.1300,7,CABLE DE ACERO D=8.6m - 70m,19.00,867.12,43.36,16,16
AE.1400,7,CABLE DE ACERO D=8.6m - 60m,16.30,743.24,37.16,12,12
AE.1500,7,CABLE DE ACERO D=8.6m - 50m,13.60,619.37,30.97,-4,-4
AE.1600,7,CABLE DE ACERO D=8.6m - 40m,10.80,495.50,24.78,23,23
AE.1700,7,CABLE DE ACERO D=8.6m - 30m,8.20,371.62,18.58,8,8
AE.1710,7,CABLE DE ACERO D=8.6m - 20m,5.42,247.75,12.39,-1,-1
AE.1800,7,CABLE DE ACERO D=8.6m PARA ARRIOSTRE ,4.10,439.15,21.96,21,21
AE.1900,7,CABLE DE ACERO D=8.6m PARA TRACCION ,4.10,439.15,21.96,20,20
AE.2000,7,PIEZA CON POLEAS PARA COLGAR CABLE DE ACERO ,2.90,20.33,1.02,0,0
AE.2100,7,"PIEZA EN ""U"" PARA COLGAR CABLE DE ACERO - ABIERTA",2.90,337.48,16.87,20,20
AE.2200,7,"PIEZA EN ""U"" PARA COLGAR CABLE DE ACERO - CERRADA",3.00,337.48,16.87,0,0
AE.2300,7,"PIEZA EN ""U"" PARA TRACCION DE CABLE DE ACERO",1.20,210.09,10.50,60,60
AE.2400,7,PIEZA PARA ENGANCHE DE CABLE DE ACERO,1.80,337.48,16.87,0,0
AE.2500,7,TENSOR PARA CABLE DE ACERO,3.10,210.09,10.50,22,22
AE.2600,7,GUARDACABOS PARA CABLE DE ACERO D=17mm,0.05,32.22,1.61,39,39
AE.2700,7,GRAPA PARA CABLE DE ACERO,0.10,8.08,0.40,405,405
AE.2800,7,ABRAZADERA TIPO PLACA - ALTO,0.10,190.58,9.53,0,0
AE.2900,7,ABRAZADERA TIPO U - DE 1M,0.40,101.64,5.08,0,0
AE.3000,7,POLEA - D=300mm,14.90,32.22,1.61,0,0
AE.3100,7,POLEA - D=19mm,0.05,32.22,1.61,18,18
AE.3200,7,POLEA - D=17mm,0.05,32.22,1.61,60,60
AE.3300,7,POLEA - PARA MARCO,0.05,19.06,0.95,22,22
AE.3400,7,RUEDA - PARA MARCO,0.05,19.06,0.95,22,22
AE.3500,7,POLEA Y RUEDA PARA FRENO DE EMERGENCIA,0.40,19.06,0.95,19,19
AE.3600,7,MARCO PARA MOTOR - ESTANDAR,28.70,826.63,41.33,20,20
AE.3700,7,MARCO PARA MOTOR - ALTO,25.70,1099.78,54.99,2,2
AE.3800,7,MARCO PARA MOTOR - DE 1M,35.00,826.63,41.33,0,0
AE.3900,7,PLATAFORMA - ESQUINERA,23.10,1238.74,61.94,0,0
AE.4000,7,PLATAFORMA - DE 1M,6.80,825.83,41.29,0,0
AE.4100,7,PLATAFORMA - 1.50m,13.70,1238.74,61.94,11,11
AE.4200,7,PLATAFORMA - 2.00m,16.00,1651.65,82.58,20,20
AE.4300,7,PLATAFORMA - 3.00m,20.10,2477.48,123.87,2,2
AE.4400,7,BARANDA ALTA - 1.50m,7.20,929.05,46.45,10,10
AE.4500,7,BARANDA ALTA - 2.00m,6.20,1238.74,61.94,20,20
AE.4600,7,BARANDA ALTA - 3.00m,13.60,1858.11,92.91,1,1
AE.4700,7,BARANDA BAJA - 1.50m,7.70,929.05,46.45,11,11
AE.4800,7,BARANDA BAJA - 2.00m,8.60,1238.74,61.94,20,20
AE.4900,7,BARANDA BAJA - 3.00m,14.00,1858.11,92.91,2,2
AE.5000,7,BARANDA LATERAL - ALTO ,10.90,826.63,41.33,0,0
AE.5100,7,BARANDA LATERAL - DE 1M,4.56,614.11,30.71,0,0
AE.5200,7,BARANDA FRONTAL - DE 1M,4.64,619.37,30.97,0,0
AE.5300,7,BARANDA ESQUINERA - ANGULAR,15.00,1715.18,85.76,0,0
AE.5400,7,BARANDA ESQUINERA - 1P,15.00,1715.18,85.76,0,0
AE.5500,7,BARANDA ESQUINERA - 2P,15.00,1715.18,85.76,0,0
AE.5600,7,GARRUCHA CON FRENO - ROJA,2.30,210.43,10.52,4,4
AE.5700,7,GARRUCHA CON FRENO - BLANCA,1.00,210.43,10.52,-8,-8
AE.5800,7,GARRUCHA SIN FRENO - BLANCA,0.50,210.43,10.52,43,43
AE.5900,7,GARRUCHA CONTRA MURO - 1G,1.20,337.48,16.87,25,25
AE.6000,7,GARRUCHA CONTRA MURO - 2G,2.70,337.48,16.87,-4,-4
AE.6100,7,TUBO CUADRADO - DE 1x7,18.50,191.38,9.57,-4,-4
AE.6200,7,TUBO CUADRADO - DE 2x4,17.30,191.38,9.57,-4,-4
AE.6300,7,TUBO CUADRADO - TT,21.00,191.38,9.57,52,52
AE.6400,7,TUBO CUADRADO - INTERMEDIO,14.40,191.38,9.57,16,16
AE.6500,7,TUBO EN T SIMPLE - ALTA,13.20,379.07,18.95,11,11
AE.6510,7,PROLONGADOR INTERMEDIO DE 500mm,5.10,150.00,7.50,4,4
AE.6520,7,PROLONGADOR CUADRADO DE 600mm,6.50,150.00,7.50,4,4
AE.6600,7,TUBO EN T SIMPLE - BAJA,6.20,337.14,16.86,29,29
AE.6700,7,TUBO EN T CON POLEA,6.90,375.25,18.76,22,22
AE.6800,7,SOPORTE PESCANTE ESTANDAR,18.60,553.12,27.66,23,23
AE.6900,7,SOPORTE PESCANTE A NIVEL,23.40,553.12,27.66,0,0
AE.7000,7,SOPORTE CONTRAPESAS ESTANDAR,20.10,553.12,27.66,22,22
AE.7100,7,SOPORTE CONTRAPESAS A NIVEL,15.40,553.12,27.66,0,0
AE.7200,7,CABLE ELECTRICO CON GUIA DE CABLE DE ACERO - 100m,25.90,1605.09,80.25,10,10
AE.7300,7,CABLE ELECTRICO CON GUIA DE CABLE DE ACERO - 80m,20.70,1284.07,64.20,0,0
AE.7400,7,CABLE ELECTRICO CON GUIA DE CABLE DE ACERO - 70m,18.10,1123.56,56.18,0,0
AE.7450,7,CABLE ELECTRICO CON GUIA DE CABLE DE ACERO - 40m,10.35,813.44,40.67,0,0
AE.7500,7,MENNEKE PARA CABLE DE MOTOR,0.20,88.94,4.45,22,22
AE.7600,7,MENNEKE PARA CABLE ELECTRICO,0.20,88.94,4.45,15,15
AE.7700,7,MANDO A DISTANCIA DE 5P - SEM,0.50,210.09,10.50,1,1
AE.7800,7,MANDO A DISTANCIA DE 3P - TIN y TIR,0.50,210.09,10.50,15,15
AE.7900,7,TOPE DE FIN DE CARRERA,0.50,157.10,7.86,17,17
AE.8000,7,SWITCH DE FIN DE CARRERA,0.50,19.06,0.95,19,19
AE.8100,7,SENSOR DE FIN DE CARRERA,2.00,19.06,0.95,19,19
AE.8200,7,FRENO DE EMERGENCIA - ESTANDAR,4.40,312.10,15.61,22,22
AE.8300,7,FRENO DE EMERGENCIA - DE 1M,3.80,312.10,15.61,0,0
AE.8400,7,PALANCA DE FRENO ELECTROMAGNETICO ,0.10,63.53,3.18,21,21
AE.8440,7,"DRIZA TEJIDA DE 5/8"" - 130m",19.20,1040.03,52.00,0,0
AE.8450,7,"DRIZA TEJIDA DE 5/8"" - 120m",17.22,960.03,48.00,0,0
AE.8500,7,"DRIZA TEJIDA DE 5/8"" - 100m",12.30,635.25,31.76,2,2
AE.8600,7,"DRIZA TEJIDA DE 5/8"" - 80m",12.30,508.20,25.41,1,1
AE.8700,7,"DRIZA TEJIDA DE 5/8"" - 70m",9.84,444.68,22.23,2,2
AE.8800,7,"DRIZA TEJIDA DE 5/8"" - 60m",8.61,381.15,19.06,4,4
AE.8900,7,"DRIZA TEJIDA DE 5/8"" - 50m",7.38,317.63,15.88,7,7
AE.9000,7,"DRIZA TORCIDA DE 5/8"" - 100m",20.00,635.25,31.76,1,1
AE.9100,7,"DRIZA TORCIDA DE 5/8"" - 80m",16.00,508.20,25.41,0,0
AE.9200,7,"DRIZA TORCIDA DE 5/8"" - 70m",15.00,444.68,22.23,0,0
AE.9300,7,"DRIZA TORCIDA DE 5/8"" - 60m",12.00,381.15,19.06,49,49
AE.9400,7,"DRIZA TORCIDA DE 5/8"" - 50m",10.00,317.63,15.88,0,0
AE.9500,7,FRENO DE LINEA DE VIDA - 50mm,0.50,464.53,23.23,13,13
AE.9600,7,FRENO DE LINEA DE VIDA - 25mm,0.50,464.53,23.23,0,0
AE.9700,7,FRENO DE LINEA DE VIDA - X3,0.50,464.53,23.23,0,0
AE.9800,7,PROTECTORES LINEA DE VIDA,0.10,10.16,0.51,13,13
AE.9900,7,PIN + PASADOR DE HENDIDURA SIMPLE - 15 x 60,0.10,10.16,0.51,82,82
AE.10000,7,PIN + PASADOR DE RESORTADO DOBLE - 15 x 110,0.10,10.16,0.51,5,5
AE.10100,7,PERNO HEXAGONAL G.8.8 - M18 x 150 - CON VAINA,0.10,10.16,0.51,40,40
AE.10200,7,PERNO HEXAGONAL G.8.8 - M16 x 90,0.10,10.16,0.51,16,16
AE.10300,7,PERNO HEXAGONAL G.8.8 - M14 x 150,0.10,10.16,0.51,110,110
AE.10400,7,PERNO HEXAGONAL G.8.8  - M14 x 120,0.10,10.16,0.51,179,179
AE.10500,7,PERNO HEXAGONAL G.8.8 - M12 x 170,0.10,10.16,0.51,0,0
AE.10600,7,PERNO HEXAGONAL G.8.8 - M12 x 140,0.10,10.16,0.51,99,99
AE.10700,7,PERNO HEXAGONAL G.8.8 - M12 x 130,0.10,10.16,0.51,92,92
AE.10800,7,PERNO HEXAGONAL G.8.8 - M12 x 90,0.10,10.16,0.51,3,3
AE.10900,7,PERNO HEXAGONAL G.8.8 - M12 x 70,0.10,10.16,0.51,40,40
AE.11000,7,PERNO HEXAGONAL G.8.8 - M10 x 120,0.10,10.16,0.51,0,0
AE.11100,7,PERNO HEXAGONAL G.8.8 - M10 x 90,0.10,10.16,0.51,44,44
AE.11200,7,PERNO HEXAGONAL G.8.8 - M10 x 40,0.10,10.16,0.51,0,0
AE.11300,7,PERNO HEXAGONAL G.8.8 - M10 x 25,0.10,10.16,0.51,176,176
AE.11400,7,PERNO HEXAGONAL G.5.8 - M8 x 70,0.10,10.16,0.51,134,52
AE.11500,7,CONTRAPESO DE 25KG,25.00,229.52,11.48,419,419
AE.11600,7,CONTRAPESO DE 5KG - CON PERNOS,11.80,229.52,11.48,37,37
AE.11700,7,CONTRAPESO DE 5KG - SIN PERNOS,11.80,229.52,11.48,0,0
AE.11800,7,PRENSA PARAPETO,28.90,1099.44,54.97,0,0
AE.11850,7,VIGA I DE 3.00m,74.10,3176.25,158.81,0,0
AE.11900,7,PLACA DE PRENSA PARAPETO ,0.50,157.10,7.86,0,0
AE.12000,7,RODILLO PARA CABLE DE ACERO,7.10,381.15,19.06,0,0
AE.12100,7,CARTEL INNOVA,0.50,88.94,4.45,0,0
AE.12200,7,PROTECTOR DE MOTOR,0.75,200.00,10.00,0,0
AE.12300,7,PROTECTOR DE TABLERO,0.10,200.00,10.00,0,0
EN.0100,8,BARRA ROSCADA D=15 - 1.20m,2.40,102.82,5.14,144,144
EN.0200,8,BARRA ROSCADA D=15 - 1.00m,2.00,85.68,4.28,190,190
EN.0300,8,BARRA ROSCADA D=15 - 0.25m,0.50,40.02,2.00,96,96
EN.0310,8,BARRA ROSCADA D=15 - 1.50m,3.00,128.53,6.43,131,131
EN.0320,8,BARRA ASTM DE 1 1/4 X 500mm CON TUERCA Y ARANDELA ,2.30,107.99,5.40,4,4
EN.0325,8,BARRA ASTM DE 1 1/4 X 300mm CON TUERCA Y ARANDELA ,1.70,79.34,3.97,0,0
EN.0330,8,"BARRA ASTM DE 1"" X 300mm CON TUERCA Y ARANDELA ",1.40,82.58,4.13,32,32
EN.0331,8,"BARRA ASTM DE 1"" X 400mm CON TUERCA Y ARANDELA ",1.80,95.29,4.76,0,0
EN.0400,8,TUERCA D=15mm,2.00,85.68,4.28,1524,1524
EN.0500,8,SUPLEMENTO CABEZAL,0.80,63.53,3.18,470,470
EN.0550,8,CABEZAL PARA VIGA AJUSTABLE H20 - 600x38mm,5.50,185.00,9.25,0,0
EN.0600,8,ALINEADOR - 3.00m,17.40,247.38,12.37,79,79
EN.0650,8,ALINEADOR - 2.00m,11.60,164.91,8.25,83,83
EN.0700,8,LEGO. PANEL - 500 x 500mm,6.90,127.05,6.35,0,0
EN.0800,8,TEIDE. PANEL - 3.00 x 0.50m,127.50,1905.75,95.29,0,0
EN.0900,8,TEIDE. PANEL - 3.00 x 0.60m,153.00,2286.90,114.35,0,0
EN.1000,8,TEIDE. PANEL - 3.00 x 0.80m,204.00,3049.20,152.46,0,0
EN.1100,8,TEIDE. PANEL - 3.00 x 1.00m,48.45,3811.50,190.58,0,0
EN.1200,8,TEIDE. ESCUADRA INTERIOR - 3.00 x 0.38 x 0.30m,9.50,1905.75,95.29,0,0
EN.1300,8,TEIDE. BARRA ROSACADA COLA DE CHANCHO D=15 - 0.20m,0.50,27.42,1.37,0,0
EN.1350,8,TEIDE. BARRA ROSACADA COLA DE CHANCHO D=15 - 0.25m,0.40,34.27,1.71,160,160
EN.1360,8,TEIDE. BARRA ROSACADA COLA DE CHANCHO D=15 - 0.30m,0.50,41.13,2.06,167,167
EN.1400,8,TEIDE. TUERCA D=15mm,0.50,31.76,1.59,0,0
EN.1500,8,TEIDE. MORDAZA,4.60,317.63,15.88,0,0
EN.1600,8,TEIDE. GANCHO DE ELEVACION,11.30,317.63,15.88,0,0
EN.1700,8,TEIDE. CONSOLA DE TRABAJO,0.00,444.68,22.23,0,0
EN.1800,8,TEIDE. CHAVETA ESCUADRA,0.00,63.53,3.18,0,0
EN.1900,8,TEIDE. CHAVETA RECTA,0.00,63.53,3.18,0,0
EN.2000,8,SG. PANEL - 1.50 x 0.90m,40.70,1003.91,50.20,201,201
EN.2100,8,SG. PANEL - 1.50 x 0.45m,26.00,738.50,36.93,44,44
EN.2200,8,SG. PANEL - 1.50 x 0.30m,20.10,588.53,29.43,31,31
EN.2300,8,SG. ESCUADRA - INTERIOR,21.70,646.25,32.31,18,18
EN.2400,8,SG. ESCUADRA - EXTERIOR,9.00,311.59,15.58,13,13
EN.2500,8,SG. COMPENSADOR - 1500 x 50,10.60,288.49,14.42,1,1
EN.2600,8,SG. COMPENSADOR - 1500 x 300,10.20,563.89,28.19,23,23
EN.2700,8,SG. ALINEADOR - 1.00m,7.00,235.87,11.79,8,8
EN.2800,8,SG. UNION ,0.20,43.83,2.19,1675,1675
EN.2810,8,VIGA H20 de 4.90m,23.03,468.20,23.41,0,0
EN.2820,8,VIGA H20 de 4.50m,21.15,429.98,21.50,0,0
EN.2830,8,VIGA H20 de 4.20m,19.74,401.31,20.07,0,0
EN.2840,8,VIGA H20 de 3.90m,18.33,372.64,18.63,110,90
EN.2850,8,VIGA H20 de 3.60m,16.92,343.98,17.20,0,0
EN.2860,8,VIGA H20 de 2.65m,12.46,253.21,12.66,0,0
EN.2870,8,VIGA H20 de 1.95m,9.17,186.32,9.32,0,0
EN.2900,8,VERSATECJ. COSTADO DE VIGA - 2.00 x 0.30m,20.80,254.10,12.71,0,0
EN.3000,8,VERSATECJ. COSTADO DE VIGA - 2.00 x 0.35m,23.00,285.86,14.29,0,0
EN.3100,8,VERSATECJ. COSTADO DE VIGA - 2.00 x 0.40m,25.90,317.63,15.88,0,0
EN.3200,8,VERSATECJ. SOPANDA EXTERNA - 4.00m,16.60,777.67,38.88,314,314
EN.3300,8,VERSATECJ. SOPANDA EXTERNA - 3.00m,12.10,705.81,35.29,45,45
EN.3400,8,VERSATECJ. SOPANDA EXTERNA - 2.00m,8.20,610.46,30.52,46,46
EN.3500,8,VERSATECJ. SOPANDA INTERNA - 4.00m,11.70,568.56,28.43,859,859
EN.3600,8,VERSATECJ. SOPANDA INTERNA - 3.00m,8.60,499.23,24.96,205,205
EN.3700,8,VERSATECJ. SOPANDA INTERNA - 2.00m,7.50,423.29,21.16,224,224
EN.3800,8,VERSATECJ. ARRIOSTRADOR PLUS - 4.00m,17.60,923.91,46.20,407,407
EN.3900,8,VERSATECJ. ARRIOSTRADOR PLUS - 2.00m,9.30,711.40,35.57,253,253
EN.4000,8,VERSATECJ. ARRIOSTRADOR PLUS - 1.00m,4.30,153.98,7.70,202,202
EN.4100,8,VERSATECJ. REMATE PARA LOSA,9.70,1588.13,79.41,-30,-30
EN.4200,8,VERSATECJ. TABLERO TRICAPA - 980 x 500mm,3.00,54.00,2.70,137,137
EN.4300,8,VERSATECJ. ARRIOSTRADOR PARA VIGA,7.50,153.98,7.70,-62,-62
EN.4400,8,VERSATECJ. CIMBRA PARA VIGA,2.30,76.87,3.84,-92,-92
RE.0100,9,BAJANTE TUBO,15.40,479.16,23.96,0,0
RE.0150,9,ASA DE BAJANTE DE TUBO,0.00,156.78,7.84,0,0
RE.0200,9,BAJANTE BOCA,19.70,815.76,40.79,0,0
RE.0250,9,ASA DE BAJANTE DE BOCA,0.00,156.78,7.84,0,0
RE.0260,9,CADENA DE SUJECION PARA BAJANTE,0.00,161.40,8.07,0,0
RE.0300,9,BAJANTE METALICA,9.40,1001.88,50.09,0,0
RE.0400,9,ESTRUCTURA PORTANTE,27.10,1421.64,71.08,0,0
RE.0450,9,SARGENTO DE SUJECION PARA ESTRUCTURA PORTANTE,0.00,225.00,11.25,0,0
RE.0460,9,GRILLETE PARA LA ESTRUCTURA PORTANTE,0.00,126.00,6.30,0,0
RE.0470,9,CADENA DE SUJECION PARA  ESTRUCTURA PORTANTE,0.00,161.40,8.07,0,0
RE.0500,9,ARO DE MANIOBRA,1.00,142.56,7.13,0,0
RE.0600,9,BASTIDOR CON TORNO MANUAL,13.00,2459.16,122.96,0,0
RE.0700,9,BALANCIN,2.50,253.44,12.67,0,0
RE.0800,9,PIN DE 3/8 CON SU ARMELLA Y TUERCA,0.15,18.00,0.90,0,0
RE.0810,9,CARTUCHOS DE PVC,0.01,2.00,0.10,0,0
RE.0900,9,PROLONGACION DE SOPORTE PARA CHUTE,0.00,249.00,12.45,0,0
EV.0100,10,CABINA ELEVADOR 3200mm x 1500mm - DERECHA,1100.00,60984.00,3049.20,0,0
EV.0200,10,CABINA ELEVADOR 3200mm x 1500mm - IZQUIERDA,1100.00,60984.00,3049.20,0,0
EV.0210,10,CABINA ELEVADOR 2500mm x 1500mm - DERECHA,900.00,60984.00,3049.20,0,0
EV.0220,10,CABINA ELEVADOR 2500mm x 1500mm - IZQUIERDA,900.00,60984.00,3049.20,0,0
EV.0230,10,CABINA DE OPERADOR 2000mm x 730mm x 850mm - DERECHA,100.00,4500.00,225.00,0,0
EV.0240,10,CABINA DE OPERADOR 2000mm x 730mm x 850mm - IZQUIERDO,100.00,4500.00,225.00,0,0
EV.0300,10,TABLERO DIGITAL CABINA - 3200mm,0.00,9528.75,476.44,0,0
EV.0310,10,TABLERO DIGITAL CABINA - 2500mm,0.00,9528.27,476.41,0,0
EV.0400,10,PALANCA CORTA CORRIENTE,0.00,444.68,22.23,0,0
EV.0500,10,FRENO PARACAIDA,0.00,4446.75,222.34,0,0
EV.0600,10,LUZ LED CABINA ,0.00,152.46,7.62,0,0
EV.0700,10,LLAVE DE MANDO ,0.00,317.63,15.88,0,0
EV.0800,10,LIMITADOR PUERTA,0.00,444.68,22.23,0,0
EV.0900,10,LIMITADOR PARADA,0.00,444.68,22.23,0,0
EV.1000,10,POLINES DE GUIA ,2.00,317.63,15.88,0,0
EV.1100,10,ESCALERA METALICA 2270mm x 40mm,9.50,827.08,41.35,0,0
EV.1110,10,VENTILADOR DE CABINA,0.00,650.00,32.50,0,0
EV.1120,10,ASIENTO DE OPERADOR,0.00,350.00,17.50,0,0
EV.1130,10,EXTINTOR DE CABINA  DE 6KG ,0.00,350.00,17.50,0,0
EV.1140,10,BOTIQUIN DE PRIMEROS AUXILIOS ,5.00,350.00,17.50,0,0
EV.1200,10,TABLERO CONTROL EN CABINA 3200mm,0.00,1905.75,95.29,0,0
EV.1210,10,TABLERO CONTROL EN CABINA 2500mm ,0.00,1905.75,95.29,0,0
EV.1300,10,PLATAFORMA DESCARGA 1000mm x 1400mm,10.00,3176.25,158.81,0,0
EV.1400,10,PASAMANOS PLATAFORMA ,5.00,2413.95,120.70,0,0
EV.1500,10,PUERTA CARGA 2300mm x 1400mm,0.00,8639.40,431.97,0,0
EV.1600,10,PUERTA DESCARGA 1340mm x 1400mm,0.00,6987.75,349.39,0,0
EV.1700,10,PLACA UNION MOTOR-CABINA  230mm x 110mm,6.00,825.83,41.29,0,0
EV.1800,10,CABLE ACERO C/ GUARDACABO 13mm x 1320mm - CABINA ,5.20,825.83,41.29,0,0
EV.1900,10,"GRILLETES DE 5/8""",1.80,381.15,19.06,0,0
EV.2000,10,MOTOR (19.1KW) CABINA 3200mm,70.00,23698.64,1184.93,0,0
EV.2050,10,MOTOR (19.1KW) CABINA 2500mm,70.00,23698.64,1184.93,0,0
EV.2100,10,MOTOR DE WINCHE 220V ,16.00,3176.25,158.81,0,0
EV.2110,10,MOTOR DE WINCHE 380V,16.00,3176.25,158.81,0,0
EV.2200,10,BASE MOTOR ,400.00,2413.95,120.70,0,0
EV.2300,10,COBERTOR MOTOR 1280mm x 400mm,17.80,3176.25,158.81,0,0
EV.2310,10,COBERTOR CABINA DE OPERADOR - 880mm x 400mm,17.80,3176.25,158.81,0,0
EV.2400,10,PALANCA FRENO MOTOR,0.10,190.58,9.53,0,0
EV.2500,10,TABLERO CONTROL EN TECHO CABINA DE 3200mm,146.00,6327.09,316.35,0,0
EV.2510,10,TABLERO CONTROL EN TECHO CABINA DE 2500mm,146.00,6327.09,316.35,0,0
EV.2600,10,TABLERO FUERZA ,18.30,8258.25,412.91,0,0
EV.2700,10,BASE TABLERO FUERZA 2500mm ,29.70,1206.98,60.35,0,0
EV.2800,10,MANDO TABLERO ,0.70,444.68,22.23,0,0
EV.2900,10,SENSOR TABLERO,0.00,190.58,9.53,0,0
EV.2910,10,LIMITADORES DE RECORRIDO ,0.00,850.00,42.50,0,0
EV.2920,10,LIMITADORES DE PUERTA ,0.00,850.00,42.50,0,0
EV.2930,10,LIMITADORES DE ESCOTILLA ,0.00,850.00,42.50,0,0
EV.3000,10,BASE CABINA ELEVADOR 3540mm x 930mm,123.00,2096.33,104.82,0,0
EV.3010,10,BASE CABINA ELEVADOR 2840mm x 930mm,98.00,1985.36,99.27,0,0
EV.3020,10,BASE CABINA ELEVADOR 2000mm x 930mm ,70.00,1856.65,92.83,0,0
EV.3030,10,EXTENCION BASE ELEVADOR 1070mm x 770mm - C/ANGULAR,10.00,450.00,22.50,0,0
EV.3040,10,EXTENCION BASE ELEVADOR 1070mm x 770mm - S/ANGULAR,10.00,450.00,22.50,0,0
EV.3100,10,BASE WINCHE 2230mm x 200mm ,56.40,2032.80,101.64,0,0
EV.3200,10,BASE RESORTE MECANICO PARA CABINA 3500mm,10.00,950.00,47.50,0,0
EV.3210,10,BASE RESORTE MECANICO PARA CABINA 2500mm,10.00,950.00,47.50,0,0
EV.3300,10,RESORTE MECANICO,10.90,679.72,33.99,0,0
EV.3400,10,EXTENCION P/ BASE RESORTES - 1570mm,13.00,3176.25,158.81,0,0
EV.3500,10,BANCO DE RESISTENCIA,20.50,5717.25,285.86,0,0
EV.3600,10,BARANDA TECHO CABINA 3200mm C/ ABERTURA  1590mm x 1250mm,15.20,1041.81,52.09,0,0
EV.3700,10,BARANDA TECHO CABINA 3200mm C/ ABERTURA (LADO DE MOTOR) 970mm x 1230mm,9.80,813.12,40.66,0,0
EV.3800,10,BARANDA TECHO CABINA 3200mm S/ ABERTURA  1590mm x 1250mm,9.80,1041.81,52.09,0,0
EV.3900,10,BARANDA TECHO CABINA 3200mm S/ ABERTURA (LADO DE MOTOR) 970mm x 1230mm,9.80,813.12,40.66,0,0
EV.4000,10,BARANDA TECHO CABINA (2500 - 3200) (LADO DE PUERTAS) 1500mm x 1100mm,11.70,1003.70,50.19,0,0
EV.4010,10,BARANDA TECHO CABINA 2500mm (LADO CABINA OPERADOR) 1240mm x 1240mm,8.50,809.85,40.49,0,0
EV.4020,10,BARANDA TECHO CABINA 2500mm C/ ABERTURA (LADO MOTOR) 650mm x 1230mm,7.00,756.65,37.83,0,0
EV.4030,10,BARANDA TECHO CABINA 2500mm C/ ABERTURA (LADO MOTOR) 730mm x 1240mm,7.00,756.65,37.83,0,0
EV.4100,10,REJA INTERMEDIA CONTORNO DE ELEVADOR 2000mmx 1200mm,30.00,6352.50,317.63,0,0
EV.4110,10,REJA CONTORNO MASTIL (2500mm) 80mm x 2000mm - DERECHA ,36.00,3049.20,152.46,0,0
EV.4120,10,REJA CONTORNO MASTIL (2500mm) 80mm x 2000mm - IZQUIERDA,36.00,3049.20,152.46,0,0
EV.4130,10,REJA CONTORNO MASTIL (2500mm) 1200mm x 2000mm - DERECHA,30.00,6352.50,317.63,0,0
EV.4140,10,REJA CONTORNO MASTIL (2500mm) 1200mm x 2000mm - IZQUIERDA,30.00,6352.50,317.63,0,0
EV.4150,10,REJA COSTADO PUERTA DESCARGA (2500mm) 2000mm x 1610mm - DERECHA ,29.30,6352.50,317.63,0,0
EV.4160,10,REJA COSTADO PUERTA DESCARGA (2500mm) 2000mm x 1610mm - IZQUIERDA,42.00,6352.50,317.63,0,0
EV.4170,10,REJA COSTADO PUERTA DESCARGA (2500mm) S/RIEL 2000mm x 800mm - DERECHA,36.00,3049.20,152.46,0,0
EV.4180,10,REJA COSTADO PUERTA DESCARGA (2500mm) S/RIEL 2000mm x 800mm - IZQUIERDA,36.00,3049.20,152.46,0,0
EV.4200,10,REJA COSTADO PUERTA PRINCIPAL 2000mm x 1740mm - DERECHA,60.00,3856.00,192.80,0,0
EV.4300,10,REJA COSTADO PUERTA PRINCIPAL 2000mm x 1740mm - IZQUIERDA,60.00,3856.00,192.80,0,0
EV.4400,10,REJA COSTADO CONTORNO DE ELEVADOR 2000mm x 1150mm,42.00,6352.50,317.63,0,0
EV.4500,10,REJA COSTADO PESAS CONTORNO ELEVADOR  2000mm x 1150mm - DERECHA ,28.70,6352.50,317.63,0,0
EV.4600,10,REJA COSTADO PESAS CONTORNO ELEVADOR  2000mm x 1150mm - IZQUIERDA,28.70,6352.50,317.63,0,0
EV.4700,10,PUERTA PRINCIPAL REJA 1830mm x 3140mm - DERECHA,148.00,8258.25,412.91,0,0
EV.4800,10,PUERTA PRINCIPAL REJA 1830mm x 3140mm - IZQUIERDA,148.00,8258.25,412.91,0,0
EV.4900,10,PUERTA INTERNA REJA 2000mm x 730mm - DERECHA,35.90,3049.20,152.46,0,0
EV.5000,10,PUERTA INTERNA REJA 2000mm x 730mm - IZQUIERDA,35.90,3049.20,152.46,0,0
EV.5100,10,REJA ESQUINERA (LADO TABLERO) 2000MM x 500 - DERECHA,26.60,4446.75,222.34,0,0
EV.5200,10,REJA ESQUINERA (LADO TABLERO) 2000MM x 500 - IZQUIERDA,20.20,4446.75,222.34,0,0
EV.5300,10,REJA ESQUINERA (LADO PUERTA) 2000MM x 500 - DERECHA ,26.60,4446.75,222.34,0,0
EV.5400,10,REJA ESQUINERA (LADO PUERTA) 2000MM x 500 - IZQUIERDA,20.20,4446.75,222.34,0,0
EV.5410,10,REJA LATERIAL CABINA OPERADOR (2500mm) 2000mm x 660mm - IZQUIERDA,22.00,4446.75,222.34,0,0
EV.5420,10,REJA LATERIAL CABINA OPERADOR (2500mm) 2000mm x 660mm - DERECHA ,22.00,4446.75,222.34,0,0
EV.5430,10,REJA FRONTAL CABINA OPERADOR (2500mm) 2000mm x 1300mm  - DERECHA ,31.00,6352.50,317.63,0,0
EV.5440,10,REJA FRONTAL CABINA OPERADOR (2500mm) 2000mm x 1300mm - IZQUIERDA,31.00,6352.50,317.63,0,0
EV.5450,10,REJA COSTADO PUERTA PRINCIPAL C/ RIEL (2500mm) 2000mm x 800mm - DERECHA,36.00,3049.20,152.46,0,0
EV.5460,10,REJA COSTADO PUERTA PRINCIPAL C/ RIEL (2500mm) 2000mm x 800mm - IZQUIERDA,36.00,3049.20,152.46,0,0
EV.5500,10,SOPORTE REJA ,0.70,2032.80,101.64,0,0
EV.5600,10,RIEL P/ PUERTA PRINCIPAL - LADO A,8.20,1079.93,54.00,0,0
EV.5610,10,RIEL P/ PUERTA PRINCIPAL - LADO B,8.20,1079.93,54.00,0,0
EV.5700,10,PESAS C/ POLEAS (PUERTA PRINCIPAL 3500mm) - 465mm x 140mm,20.00,571.73,28.59,0,0
EV.5710,10,PESAS C/ POLEAS (PUERTA PRINCIPAL 2500mm) - 3550mm x 175mm,150.00,2650.00,132.50,0,0
EV.5800,10,PLACA SUPERIOR (PUERTA PRINCIPAL REJA) - IZQUIERDO,3.30,228.69,11.43,0,0
EV.5900,10,PLACA SUPERIOR (PUERTA PRINCIPAL REJA) - DERECHA ,3.30,228.69,11.43,0,0
EV.6000,10,PLACA SUPERIOR (PUERTA ELEVADOR) - IZQUIERDO,0.20,228.69,11.43,0,0
EV.6100,10,PLACA SUPERIOR (PUERTA ELEVADOR) - DERECHA ,3.00,228.69,11.43,0,0
EV.6200,10,PLACA UNION RIEL Y PUERTA PRINCIPAL,3.00,228.69,11.43,0,0
EV.6300,10,PLACAS P/ ARRIOSTRE 350 x 90mm,4.60,571.73,28.59,-6,-6
EV.6400,10,PLACA P/ RESORTE MECANICO,1.20,228.69,11.43,0,0
EV.6500,10,ESCUADRA WINCHE C/ POLEA 2780mm x 1410mm ,39.00,2032.80,101.64,0,0
EV.6600,10,MASTIL INICIO - 1500mm x 720mm,104.00,4446.75,222.34,0,0
EV.6700,10,MASTIL DOBLE CREMALLERA - 1500mm x 720mm,154.00,4954.95,247.75,-13,-13
EV.6800,10,MASTIL SEGURIDAD S/ CREMALLERA - 1500mm x 720mm,104.00,4446.75,222.34,0,0
EV.6900,10,CUADRO ARRIOSTRE P/MASTIL 600mm - TIPO 1,15.60,650.00,32.50,-3,-3
EV.7000,10,TUBO P/ ARRIOSTRE MASTIL - 1300mm - TIPO 1,13.30,780.00,39.00,-6,-6
EV.7100,10,CUADRO ARRIOSTRE P/MASTIL 620mm - TIPO 2,31.80,1685.00,84.25,0,0
EV.7200,10,EXTENCION BASE P/ARRIOSTRE - TIPO 2,4.90,250.00,12.50,0,0
EV.7300,10,SOPORTE DIAGONAL P/ARRIOSTRE,10.00,345.00,17.25,0,0
EV.7310,10,TUBO EXTENCION P/ ARRIOSTRE SIMPLE - TIPO 2,3.00,265.00,13.25,0,0
EV.7320,10,TUBO EXTENCION P/ ARRIOSTRE CON PLACA - TIPO 2,4.00,375.00,18.75,0,0
EV.7330,10,TUERCA DE AJUSTE P/ARRIOSTRE,2.00,180.00,9.00,0,0
EV.7340,10,BRAZO P/ ARRIOSTRE MASTIL 960mm - TIPO 2,8.60,685.00,34.25,0,0
EV.7400,10,BRAZO P/ ARRIOSTRE MASTIL 865mm - TIPO 2,7.80,745.00,37.25,-6,-6
EV.7410,10,BRAZO PORTA CABLE ELECTRICO PARA TROLER 700mm x 11mm - CABINA,7.50,730.00,36.50,0,0
EV.7420,10,BRAZO PORTA CABLE ELECTRICO PARA CILINDRO 485mm - CABINA,9.30,765.00,38.25,0,0
EV.7430,10,BRAZO PORTA CABLE ELECTRICO PARA TROLER - MASTIL,12.40,1325.00,66.25,0,0
EV.7440,10,BRAZO GUIA CABLE ELECTRICO TIPO 1 / MASTIL,6.50,985.00,49.25,0,0
EV.7450,10,BRAZO GUIA CABLE ELECTRICO TIPO 2 / MASTIL,5.10,1250.00,62.50,0,0
EV.7500,10,BRAZO P/ IZAJE MASTIL,3.60,2286.90,114.35,0,0
EV.7600,10,BARRA LIMITADORA - 1980mm,4.80,444.68,22.23,0,0
EV.7700,10,BARRA LIMITADORA - 1660mm,3.50,444.68,22.23,0,0
EV.7800,10,BARRA LIMITADORA - 1570mm,4.20,444.68,22.23,0,0
EV.7900,10,TRANSFORMADOR P/ ELEVADOR 80KVA,250.00,22869.00,1143.45,0,0
EV.8000,10,TRANSFORMADOR P/ ELEVADOR 80KVA (CON ESTABILIZADOR),300.00,22869.00,1143.45,0,0
EV.8050,10,GRUPO ELECTROGENO DIESEL DE 80KW / 100KVA,1300.00,82350.00,4117.50,0,0
EV.8100,10,CABLE ELECTRICO VULCANIZADO P/ ELEVADOR - 120m,150.00,14157.00,707.85,0,0
EV.8150,10,CABLE ELECTRICO VULCANIZADO P/ ELEVADOR - 80m,100.00,9438.00,471.90,0,0
EV.8160,10,CABLE ELECTRICO VULCANIZADO P/ ELEVADOR - 70m,86.80,8258.25,412.91,0,0
EV.8200,10,CABLE ELECTRICO VULCANIZADO P/ ELEVADOR - 10m,12.40,1181.57,59.08,0,0
EV.8300,10,CABLE ELECTRICO VULCANIZADO P/ ELEVADOR - 5m,6.20,190.58,9.53,0,0
EV.8400,10,CABLE ELECTRICO VULCANIZADO CON PROTECTOR P/ BANCO DE RESISTENCIA - 3.20m,0.00,171.52,8.58,0,0
EV.8410,10,CABLE ELECTRICO VULCANIZADO P/GRUPO ELECTROGENO (4X25mm2) - 10m,8.00,1200.00,60.00,0,0
EV.8500,10,TROLER DISTRIBUIDOR DE CABLE ELECTRICO,54.10,1245.09,62.25,0,0
EV.8510,10,CUBO P/ CABLE ELECTRICO - 2210mm x 800mm,53.90,2951.00,147.55,0,0
EV.8520,10,CUBO P/ CABLE ELECTRICO - 2000mm x 600mm,90.20,2845.00,142.25,0,0
EV.8600,10,MENNEKE ELEVADOR (24 PINES),3.00,317.63,15.88,0,0
EV.8700,10,MENNEKE MOTOR (6 PINES),3.00,190.58,9.53,0,0
EV.8800,10,MENNEKE BANCO (2 PINES),1.00,101.64,5.08,0,0
EV.8900,10,MANDO WINCHE,0.40,825.83,41.29,0,0
EV.9000,10,MANDO CONTROL PRUEBA DE GOTA (CAIDA),0.70,317.63,15.88,0,0
EV.9100,10,"PERNO HEXAGONAL G.8.8 M24 x 170 (UNION MASTIL CHASIS C/ ARANDELA PLANA Y PRESION, S/ TUERCA)",0.73,19.06,0.95,0,0
EV.9200,10,PERNO HEXAGONAL G 8.8 M24 x 25 (UNION MASTIL DOBLE CREMALLERA),1.10,31.76,1.59,-52,-52
EV.9300,10,PERNO HEXAGONAL G.8.8 M24 x 90 (UNION ARRIOSTRE C/ TUERCA NYLON),0.70,19.06,0.95,-12,-12
EV.9400,10,PERNO HEXAGONAL G.8.8 M20 x 80 (UNION CABINA-MOTOR C/ TUERCA NYLON),0.30,19.06,0.95,0,0
EV.9500,10,PERNO HEXAGONAL G.8.8 M16 x 90 (BRAZO ARRIOSTRE),0.50,19.06,0.95,-12,-12
EV.9600,10,PERNO HEXAGONAL HILO CORRIDO G.8.8 M12 x 40 (UNION BASE Y EXTENCION C/ ARANDELA PLANA Y PRESION) ,0.07,19.06,0.95,0,0
EV.9700,10,PERNO HEXAGONAL HILO CORRIDO G.8.8 M12 x 30 (REJA C/ ARANDELA PLANA Y PRESION),0.06,19.06,0.95,0,0
EV.9800,10,PERNO HEXAGONAL G.8.8 M12 x 80 (BRAZO GUIA C/ TUERCA DE NYLON),0.10,19.06,0.95,0,0
EV.9900,10,"PERNO ""J"" G.8.8  M10 x 80 (P/ BARRAS LIMITADORAS)",0.10,19.06,0.95,0,0
EV.10000,10,PERNO HEXAGONAL HILO CORRIDO G.8.8 M10 x 30 (BRAZO PORTA CABLE C/ TUERCA DE NYLON),0.04,31.76,1.59,0,0
EV.10100,10,PERNO HEXAGONAL  G.8.8 M8 x 70 (BARANDA C/ TUERCA DE NYLON),0.02,19.06,0.95,0,0
EV.10200,10,PERNO HEXAGONAL HILO CORRIDO G.8.8 M8 x 35 (PLACA RIEL C/ TUERCA NYLON),0.02,19.06,0.95,0,0
EV.10300,10,PERNO HEXAGONAL HILO CORRIDO G.8.8 M8 x 25 (RIEL C/ TUERCA NYLON),0.72,19.06,0.95,0,0
EV.10400,10,"ARANDELA CUADRADA 100mm x 100mm x 4.5mm  P/ ESPARRAGO DE 1""",0.30,190.58,9.53,0,0
EV.10500,10,PIN SENSOR PARA MOTOR 90mm x 40 mm,2.50,158.69,7.93,-4,-4
EV.10600,10,PIN BASE WINCHE DE 86mm x 30mm ,0.50,158.69,7.93,0,0
EV.10700,10,PIN ESTRUCTURA ARRIOSTRE M20 X 95 (C/ PASADOR),0.26,45.10,2.26,0,0
EV.10800,10,PIN ESTRUCTURA ARRIOSTRE M20 X 80 (C/ PASADOR),0.20,45.10,2.26,0,0
EV.10900,10,PIN ESTRUCTURA ARRIOSTRE M20 X 70 (C/ PASADOR),0.20,45.10,2.26,0,0
EV.11000,10,PIN ESTRUCTURA ARRIOSTRE M20 X 60 (C/ PASADOR),0.20,45.10,2.26,0,0
MA.0100,11,PARIHUELA DE MADERA 96 x 120 x 17 cm,27.20,127.05,6.35,0,0
MA.0200,11,"LISTON DE MADERA DE 2""x1""x1.10m",2.52,12.71,0.64,0,0
MA.0250,11,"LISTON DE MADERA DE 2""x4""x1.03m",0.64,50.82,2.54,0,0
MA.0300,11,CANASTILLA DE METAL  1160 mm x 1160mm x 770mm ,70.00,1079.93,54.00,0,0
MA.0400,11,CANASTILLA DE METAL CON REJILLA   1160 mm x 1160mm x 840mm ,65.00,1715.18,85.76,0,0